month,eligible_accounts,targeted_accounts,attempted_accounts,contacted_accounts,rpc_accounts,ptp_accounts,ptp_kept_accounts,recovered_amount
2025-12,30000,0,1,0,0,0,0,0.0
2026-01,30000,5732,10293,2428,2658,2430,620,180684641.08
2026-02,30000,5160,9526,2184,2331,2145,570,159435251.26
2026-03,30000,5666,10414,2458,2604,2411,621,171809903.32999998
2026-04,30000,5585,10040,2262,2542,2376,637,153857498.51
2026-05,30000,5800,10367,2484,2637,2413,634,154340691.0
2026-06,30000,5535,9968,2395,2574,2366,609,145288286.69
2026-07,30000,5666,10285,2347,2584,2497,644,147021570.07999998
2026-08,30000,1566,3081,621,665,678,185,37244388.55
