month,eligible_accounts,targeted_accounts,attempted_accounts,contacted_accounts,rpc_accounts,ptp_accounts,ptp_kept_accounts,recovered_amount,total_outstanding_amount,agent_hours,contact_rate,rpc_rate,ptp_rate,ptp_kept_rate,recovery_rate,recovery_per_account,recovery_per_agent_hour,cost_per_recovered_rupee,recovered_amount_mom_abs_change,recovered_amount_mom_pct_change,recovery_rate_mom_abs_change,recovery_rate_mom_pct_change,recovery_per_account_mom_abs_change,recovery_per_account_mom_pct_change,contact_rate_mom_abs_change,contact_rate_mom_pct_change,ptp_kept_rate_mom_abs_change,ptp_kept_rate_mom_pct_change,raw_success_amount,reported_metric_proxy,reported_metric_proxy_mom_pct_change
2025-12,30000,0,1,0,0,0,0,0.0,10489035343.0,0.0,0.0,,,,0.0,0.0,,,,,,,,,,,,,0.0,0.0,
2026-01,30000,5732,10293,2428,2658,2430,620,180684641.08,10489035343.0,11162.578611111112,0.23588846789079956,1.0947281713344317,0.9142212189616253,0.2551440329218107,0.01722604940983275,6022.821369333334,16186.639966875435,,180684641.08,inf,0.01722604940983275,inf,6022.821369333334,inf,0.23588846789079956,inf,,,191133284.42,0.018222198531112337,inf
2026-02,30000,5160,9526,2184,2331,2145,570,159435251.26,10489035343.0,10557.01138888889,0.2292672685282385,1.0673076923076923,0.9202059202059202,0.26573426573426573,0.015200182480689349,5314.508375333333,15102.309298235996,,-21249389.820000023,-0.11760484838659657,-0.0020258669291434023,-0.11760484838659657,-708.3129940000008,-0.11760484838659657,-0.006621199362561059,-0.0280691948265408,0.010590232812455025,0.041506880216557684,174097287.96,0.016598026631322794,-0.08913150062636255
2026-03,30000,5666,10414,2458,2604,2411,621,171809903.32999998,10489035343.0,11130.82,0.23602842327635876,1.0593978844589096,0.9258832565284179,0.2575694732476151,0.016379952751771367,5726.996777666666,15435.511788888867,,12374652.069999993,0.07761553340434069,0.001179770271082018,0.07761553340434069,412.4884023333334,0.07761553340434091,0.006761154748120252,0.02949027478507027,-0.00816479248665064,-0.030725403305027377,193233384.29,0.01842241712141402,0.1099161081383222
2026-04,30000,5585,10040,2262,2542,2376,637,153857498.51,10489035343.0,10620.321666666667,0.2252988047808765,1.1237842617152962,0.9346970889063729,0.2680976430976431,0.014668412630783905,5128.583283666666,14487.084604311262,,-17952404.819999993,-0.10448993027787412,-0.0017115401209874623,-0.10448993027787412,-598.4134940000004,-0.10448993027787423,-0.010729618495482263,-0.04545901017573328,0.010528169850028024,0.04087506845155797,178427017.05,0.017010812836003617,-0.0766242711858679
2026-05,30000,5800,10367,2484,2637,2413,634,154340691.0,10489035343.0,10833.129166666668,0.23960644352271632,1.0615942028985508,0.9150549867273416,0.26274347285536676,0.014714479068182506,5144.6897,14247.101518451693,,483192.49000000954,0.003140519602095271,4.6066437398600835e-05,0.003140519602095493,16.106416333333982,0.003140519602095493,0.014307638741839823,0.06350516930507144,-0.005354170242276357,-0.019970970950782818,187048144.34,0.017832730868318516,0.04831738731351498
2026-06,30000,5535,9968,2395,2574,2366,609,145288286.69,10489035343.0,10703.008611111112,0.24026886035313003,1.0747390396659708,0.9191919191919192,0.257396449704142,0.013851444097474618,4842.942889666667,13574.527683661947,,-9052404.310000002,-0.05865209136584726,-0.0008630349707078877,-0.05865209136584726,-301.7468103333331,-0.05865209136584726,0.000662416830413709,0.002764603575241109,-0.005347023151224761,-0.02035073637839957,178724493.46,0.017039173538420216,-0.04450004521226347
2026-07,30000,5666,10285,2347,2584,2497,644,147021570.07999998,10489035343.0,11180.15861111111,0.22819640252795334,1.1009799744354496,0.9663312693498453,0.2579094913896676,0.014016691265905289,4900.719002666666,13150.222210075483,,1733283.3899999857,0.011929959596111539,0.00016524716843067076,0.011929959596111539,57.776112999998986,0.011929959596111539,-0.012072457825176686,-0.0502456198753074,0.0005130416855256281,0.0019931964334214403,190278846.88,0.01814073846237778,0.06464896442739643
2026-08,30000,1566,3081,621,665,678,185,37244388.55,10489035343.0,2683.8597222222224,0.20155793573515093,1.07085346215781,1.019548872180451,0.2728613569321534,0.003550792549751064,1241.4796183333333,13877.174071960002,,-109777181.52999999,-0.7466739844382432,-0.010465898716154224,-0.7466739844382432,-3659.2393843333325,-0.7466739844382432,-0.026638466792802407,-0.11673482358925125,0.014951865542485787,0.05797330475091145,48543467.93,0.004628020246151248,-0.7448824778688401
