date,date_key,month,day_of_week
2026-01-01,20260101,2026-01,Thursday
2026-01-02,20260102,2026-01,Friday
2026-01-03,20260103,2026-01,Saturday
2026-01-04,20260104,2026-01,Sunday
2026-01-05,20260105,2026-01,Monday
2026-01-06,20260106,2026-01,Tuesday
2026-01-07,20260107,2026-01,Wednesday
2026-01-08,20260108,2026-01,Thursday
2026-01-09,20260109,2026-01,Friday
2026-01-10,20260110,2026-01,Saturday
2026-01-11,20260111,2026-01,Sunday
2026-01-12,20260112,2026-01,Monday
2026-01-13,20260113,2026-01,Tuesday
2026-01-14,20260114,2026-01,Wednesday
2026-01-15,20260115,2026-01,Thursday
2026-01-16,20260116,2026-01,Friday
2026-01-17,20260117,2026-01,Saturday
2026-01-18,20260118,2026-01,Sunday
2026-01-19,20260119,2026-01,Monday
2026-01-20,20260120,2026-01,Tuesday
2026-01-21,20260121,2026-01,Wednesday
2026-01-22,20260122,2026-01,Thursday
2026-01-23,20260123,2026-01,Friday
2026-01-24,20260124,2026-01,Saturday
2026-01-25,20260125,2026-01,Sunday
2026-01-26,20260126,2026-01,Monday
2026-01-27,20260127,2026-01,Tuesday
2026-01-28,20260128,2026-01,Wednesday
2026-01-29,20260129,2026-01,Thursday
2026-01-30,20260130,2026-01,Friday
2026-01-31,20260131,2026-01,Saturday
2026-02-01,20260201,2026-02,Sunday
2026-02-02,20260202,2026-02,Monday
2026-02-03,20260203,2026-02,Tuesday
2026-02-04,20260204,2026-02,Wednesday
2026-02-05,20260205,2026-02,Thursday
2026-02-06,20260206,2026-02,Friday
2026-02-07,20260207,2026-02,Saturday
2026-02-08,20260208,2026-02,Sunday
2026-02-09,20260209,2026-02,Monday
2026-02-10,20260210,2026-02,Tuesday
2026-02-11,20260211,2026-02,Wednesday
2026-02-12,20260212,2026-02,Thursday
2026-02-13,20260213,2026-02,Friday
2026-02-14,20260214,2026-02,Saturday
2026-02-15,20260215,2026-02,Sunday
2026-02-16,20260216,2026-02,Monday
2026-02-17,20260217,2026-02,Tuesday
2026-02-18,20260218,2026-02,Wednesday
2026-02-19,20260219,2026-02,Thursday
2026-02-20,20260220,2026-02,Friday
2026-02-21,20260221,2026-02,Saturday
2026-02-22,20260222,2026-02,Sunday
2026-02-23,20260223,2026-02,Monday
2026-02-24,20260224,2026-02,Tuesday
2026-02-25,20260225,2026-02,Wednesday
2026-02-26,20260226,2026-02,Thursday
2026-02-27,20260227,2026-02,Friday
2026-02-28,20260228,2026-02,Saturday
2026-03-01,20260301,2026-03,Sunday
2026-03-02,20260302,2026-03,Monday
2026-03-03,20260303,2026-03,Tuesday
2026-03-04,20260304,2026-03,Wednesday
2026-03-05,20260305,2026-03,Thursday
2026-03-06,20260306,2026-03,Friday
2026-03-07,20260307,2026-03,Saturday
2026-03-08,20260308,2026-03,Sunday
2026-03-09,20260309,2026-03,Monday
2026-03-10,20260310,2026-03,Tuesday
2026-03-11,20260311,2026-03,Wednesday
2026-03-12,20260312,2026-03,Thursday
2026-03-13,20260313,2026-03,Friday
2026-03-14,20260314,2026-03,Saturday
2026-03-15,20260315,2026-03,Sunday
2026-03-16,20260316,2026-03,Monday
2026-03-17,20260317,2026-03,Tuesday
2026-03-18,20260318,2026-03,Wednesday
2026-03-19,20260319,2026-03,Thursday
2026-03-20,20260320,2026-03,Friday
2026-03-21,20260321,2026-03,Saturday
2026-03-22,20260322,2026-03,Sunday
2026-03-23,20260323,2026-03,Monday
2026-03-24,20260324,2026-03,Tuesday
2026-03-25,20260325,2026-03,Wednesday
2026-03-26,20260326,2026-03,Thursday
2026-03-27,20260327,2026-03,Friday
2026-03-28,20260328,2026-03,Saturday
2026-03-29,20260329,2026-03,Sunday
2026-03-30,20260330,2026-03,Monday
2026-03-31,20260331,2026-03,Tuesday
2026-04-01,20260401,2026-04,Wednesday
2026-04-02,20260402,2026-04,Thursday
2026-04-03,20260403,2026-04,Friday
2026-04-04,20260404,2026-04,Saturday
2026-04-05,20260405,2026-04,Sunday
2026-04-06,20260406,2026-04,Monday
2026-04-07,20260407,2026-04,Tuesday
2026-04-08,20260408,2026-04,Wednesday
2026-04-09,20260409,2026-04,Thursday
2026-04-10,20260410,2026-04,Friday
2026-04-11,20260411,2026-04,Saturday
2026-04-12,20260412,2026-04,Sunday
2026-04-13,20260413,2026-04,Monday
2026-04-14,20260414,2026-04,Tuesday
2026-04-15,20260415,2026-04,Wednesday
2026-04-16,20260416,2026-04,Thursday
2026-04-17,20260417,2026-04,Friday
2026-04-18,20260418,2026-04,Saturday
2026-04-19,20260419,2026-04,Sunday
2026-04-20,20260420,2026-04,Monday
2026-04-21,20260421,2026-04,Tuesday
2026-04-22,20260422,2026-04,Wednesday
2026-04-23,20260423,2026-04,Thursday
2026-04-24,20260424,2026-04,Friday
2026-04-25,20260425,2026-04,Saturday
2026-04-26,20260426,2026-04,Sunday
2026-04-27,20260427,2026-04,Monday
2026-04-28,20260428,2026-04,Tuesday
2026-04-29,20260429,2026-04,Wednesday
2026-04-30,20260430,2026-04,Thursday
2026-05-01,20260501,2026-05,Friday
2026-05-02,20260502,2026-05,Saturday
2026-05-03,20260503,2026-05,Sunday
2026-05-04,20260504,2026-05,Monday
2026-05-05,20260505,2026-05,Tuesday
2026-05-06,20260506,2026-05,Wednesday
2026-05-07,20260507,2026-05,Thursday
2026-05-08,20260508,2026-05,Friday
2026-05-09,20260509,2026-05,Saturday
2026-05-10,20260510,2026-05,Sunday
2026-05-11,20260511,2026-05,Monday
2026-05-12,20260512,2026-05,Tuesday
2026-05-13,20260513,2026-05,Wednesday
2026-05-14,20260514,2026-05,Thursday
2026-05-15,20260515,2026-05,Friday
2026-05-16,20260516,2026-05,Saturday
2026-05-17,20260517,2026-05,Sunday
2026-05-18,20260518,2026-05,Monday
2026-05-19,20260519,2026-05,Tuesday
2026-05-20,20260520,2026-05,Wednesday
2026-05-21,20260521,2026-05,Thursday
2026-05-22,20260522,2026-05,Friday
2026-05-23,20260523,2026-05,Saturday
2026-05-24,20260524,2026-05,Sunday
2026-05-25,20260525,2026-05,Monday
2026-05-26,20260526,2026-05,Tuesday
2026-05-27,20260527,2026-05,Wednesday
2026-05-28,20260528,2026-05,Thursday
2026-05-29,20260529,2026-05,Friday
2026-05-30,20260530,2026-05,Saturday
2026-05-31,20260531,2026-05,Sunday
2026-06-01,20260601,2026-06,Monday
2026-06-02,20260602,2026-06,Tuesday
2026-06-03,20260603,2026-06,Wednesday
2026-06-04,20260604,2026-06,Thursday
2026-06-05,20260605,2026-06,Friday
2026-06-06,20260606,2026-06,Saturday
2026-06-07,20260607,2026-06,Sunday
2026-06-08,20260608,2026-06,Monday
2026-06-09,20260609,2026-06,Tuesday
2026-06-10,20260610,2026-06,Wednesday
2026-06-11,20260611,2026-06,Thursday
2026-06-12,20260612,2026-06,Friday
2026-06-13,20260613,2026-06,Saturday
2026-06-14,20260614,2026-06,Sunday
2026-06-15,20260615,2026-06,Monday
2026-06-16,20260616,2026-06,Tuesday
2026-06-17,20260617,2026-06,Wednesday
2026-06-18,20260618,2026-06,Thursday
2026-06-19,20260619,2026-06,Friday
2026-06-20,20260620,2026-06,Saturday
2026-06-21,20260621,2026-06,Sunday
2026-06-22,20260622,2026-06,Monday
2026-06-23,20260623,2026-06,Tuesday
2026-06-24,20260624,2026-06,Wednesday
2026-06-25,20260625,2026-06,Thursday
2026-06-26,20260626,2026-06,Friday
2026-06-27,20260627,2026-06,Saturday
2026-06-28,20260628,2026-06,Sunday
2026-06-29,20260629,2026-06,Monday
2026-06-30,20260630,2026-06,Tuesday
2026-07-01,20260701,2026-07,Wednesday
2026-07-02,20260702,2026-07,Thursday
2026-07-03,20260703,2026-07,Friday
2026-07-04,20260704,2026-07,Saturday
2026-07-05,20260705,2026-07,Sunday
2026-07-06,20260706,2026-07,Monday
2026-07-07,20260707,2026-07,Tuesday
2026-07-08,20260708,2026-07,Wednesday
2026-07-09,20260709,2026-07,Thursday
2026-07-10,20260710,2026-07,Friday
2026-07-11,20260711,2026-07,Saturday
2026-07-12,20260712,2026-07,Sunday
2026-07-13,20260713,2026-07,Monday
2026-07-14,20260714,2026-07,Tuesday
2026-07-15,20260715,2026-07,Wednesday
2026-07-16,20260716,2026-07,Thursday
2026-07-17,20260717,2026-07,Friday
2026-07-18,20260718,2026-07,Saturday
2026-07-19,20260719,2026-07,Sunday
2026-07-20,20260720,2026-07,Monday
2026-07-21,20260721,2026-07,Tuesday
2026-07-22,20260722,2026-07,Wednesday
2026-07-23,20260723,2026-07,Thursday
2026-07-24,20260724,2026-07,Friday
2026-07-25,20260725,2026-07,Saturday
2026-07-26,20260726,2026-07,Sunday
2026-07-27,20260727,2026-07,Monday
2026-07-28,20260728,2026-07,Tuesday
2026-07-29,20260729,2026-07,Wednesday
2026-07-30,20260730,2026-07,Thursday
2026-07-31,20260731,2026-07,Friday
2026-08-01,20260801,2026-08,Saturday
2026-08-02,20260802,2026-08,Sunday
2026-08-03,20260803,2026-08,Monday
2026-08-04,20260804,2026-08,Tuesday
2026-08-05,20260805,2026-08,Wednesday
2026-08-06,20260806,2026-08,Thursday
2026-08-07,20260807,2026-08,Friday
2026-08-08,20260808,2026-08,Saturday
